date,spot,verdict,score,reservation_rate,edge_pct,best_provider,best_received_inr,current_provider_received_inr,days_left
2026-09-22,95.8734,SEND_NOW,63,95.9441,-0.0737,SBI (bank),285847.19,284787.23,5
2026-09-23,95.6478,HOLD,61,95.7267,-0.0824,WorldRemit,286793.87,285909.05,4
2026-09-24,95.8091,SEND_NOW,66,95.8594,-0.0524,WorldRemit,286950.33,285980.57,3
2026-09-25,96.0151,SEND_NOW,70,96.0404,-0.0264,WorldRemit,286943.75,285810.99,2
2026-09-25,96.0151,SEND_NOW,70,96.0404,-0.0264,Remitly,286491.26,285410.13,2
2026-09-26,95.9187,SEND_NOW,70,95.9344,-0.0163,Remitly,286590.0,285458.41,1
2026-09-26,95.9187,SEND_NOW,70,95.9344,-0.0163,Remitly,286590.0,286590.0,1
2026-09-26,95.9187,SEND_NOW,70,95.9344,-0.0163,Remitly,286590.0,286590.0,1
2026-09-26,95.9187,SEND_NOW,70,95.9344,-0.0163,Remitly,286590.0,286590.0,1
2026-09-26,95.9187,SEND_NOW,70,95.9344,-0.0163,Remitly,286590.0,286590.0,1
2026-09-26,95.9187,SEND_NOW,70,95.9344,-0.0163,Remitly,286590.0,286590.0,1
2026-09-26,95.9187,SEND_NOW,70,95.9344,-0.0163,Remitly,286590.0,286590.0,1
2026-09-27,95.8789,SEND_NOW,70,95.8955,-0.0173,Remitly,286590.0,286590.0,1
2026-09-27,95.8789,SEND_NOW,70,95.8955,-0.0173,Remitly,286590.0,286590.0,1
2026-09-27,95.8789,SEND_NOW,70,95.8955,-0.0173,Remitly,286590.0,286590.0,1
2026-09-27,95.8789,SEND_NOW,70,95.8955,-0.0173,Remitly,286590.0,286590.0,1
2026-09-27,95.8789,SEND_NOW,70,95.8955,-0.0173,Remitly,286640.87,286640.87,1
2026-09-27,95.8789,SEND_NOW,70,95.8955,-0.0173,Remitly,286640.87,286640.87,1
2026-09-28,95.9279,SEND_NOW,70,95.9433,-0.0161,Remitly,287112.44,287112.44,1
2026-09-28,95.9279,SEND_NOW,70,95.9433,-0.0161,Remitly,287100.47,287100.47,1
2026-09-28,95.9279,SEND_NOW,70,95.9433,-0.0161,Remitly,287115.73,287115.73,1
2026-09-28,95.9279,SEND_NOW,70,95.9433,-0.0161,Remitly,287136.67,287136.67,1
2026-09-29,96.0699,FORCED_SEND,73,96.0699,0.0,Remitly,287219.26,287219.26,0
2026-09-29,96.0699,FORCED_SEND,73,96.0699,0.0,Western Union,287202.85,287118.85,0
2026-09-29,96.0699,FORCED_SEND,73,96.0699,0.0,Remitly,287003.4,287003.4,0
2026-09-29,96.0699,FORCED_SEND,73,96.0699,0.0,Remitly,287003.4,287003.4,0
2026-09-29,96.0699,FORCED_SEND,73,96.0699,0.0,Remitly,287423.64,287423.64,0
2026-09-30,96.0635,SEND_NOW,54,96.2112,-0.1535,Remitly,287104.49,287104.49,10
2026-10-01,95.9973,SEND_NOW,53,96.1639,-0.1733,Remitly,288069.17,288069.17,10
2026-10-02,96.3789,SEND_NOW,57,96.4799,-0.1047,Remitly,288090.0,288090.0,10
2026-10-02,96.3789,SEND_NOW,57,96.4799,-0.1047,Remitly,288193.66,288193.66,10
2026-10-03,96.3726,SEND_NOW,56,96.4809,-0.1123,Remitly,288090.0,288090.0,10
2026-10-04,96.3495,SEND_NOW,56,96.462,-0.1166,Remitly,288090.0,288090.0,10
2026-10-04,96.3495,SEND_NOW,56,96.462,-0.1166,Remitly,288090.0,288090.0,10
