date,zip,name,price
2026-10-04,07002,BP,4.390
2026-10-04,07002,Costco,4.150
2026-10-04,07002,Delta,4.250
2026-10-04,07002,Exxon,4.400
2026-10-04,07002,QuickChek,4.220
2026-10-04,07002,Shell,4.310
2026-10-04,07032,Exxon,4.690
2026-10-04,07032,Wawa,4.330
2026-10-04,07047,BP,4.250
2026-10-04,07047,Delta,4.150
2026-10-04,07047,Exxon,4.390
2026-10-04,07047,Fuel Express,4.290
2026-10-04,07047,Fuel Stop,4.250
2026-10-04,07047,Gulf,4.150
2026-10-04,07047,Shell,4.290
2026-10-04,07047,Wawa,4.230
2026-10-04,07305,GetGo,4.390
2026-10-04,07305,Speedway,4.250
2026-10-04,07305,Valero,4.890
2026-10-04,07306,Lukoil,4.270
2026-10-04,07306,Shell,4.350
2026-10-04,07601,Delta,4.190
2026-10-04,07601,Fuel 4,4.090
2026-10-04,07601,QuickChek,4.190
2026-10-04,07601,Shell,4.410
2026-10-04,07601,Wawa,4.150
2026-10-04,07608,Costco,4.090
2026-10-04,07657,QuickChek,4.150
2026-10-04,10801,Gulf,4.430
2026-10-04,10801,Mobil,4.790
2026-10-04,10801,Sunoco,4.790
2026-10-05,06854,Exxon,4.530
2026-10-05,06854,Shell,4.670
2026-10-05,07002,BP,4.250
2026-10-05,07002,Costco,4.150
2026-10-05,07002,Delta,4.250
2026-10-05,07002,Exxon,4.400
2026-10-05,07002,QuickChek,4.220
2026-10-05,07032,Wawa,4.290
2026-10-05,07047,BP,4.250
2026-10-05,07047,Delta,4.150
2026-10-05,07047,Fuel Express,4.290
2026-10-05,07047,Fuel Stop,4.250
2026-10-05,07047,Shell,4.290
2026-10-05,07047,Wawa,4.230
2026-10-05,07305,GetGo,4.390
2026-10-05,07305,Speedway,4.220
2026-10-05,07305,Valero,4.890
2026-10-05,07306,Broadway Diesel & Gas,4.290
2026-10-05,07306,Exxon,4.310
2026-10-05,07306,Fuel 4,4.270
2026-10-05,07306,Lukoil,4.270
2026-10-05,07306,Shell,4.350
2026-10-05,07601,QuickChek,4.190
2026-10-05,07601,Shell,4.410
2026-10-05,07601,Sunoco,4.390
2026-10-05,07601,Wawa,4.150
2026-10-05,07608,Costco,4.090
2026-10-05,07657,QuickChek,4.150
2026-10-05,10801,Gulf,4.430
2026-10-05,10801,Mobil,4.790
